,DATE,CSUSHPISA,Year,Month,Per_Capita_GDP,working_age_pop,Houses,CPI,UNRATE,Emp_Rate,Cons_Material,FEDFUNDS,Num_Households,Household_income,Subsidy,Population above 65
0,2004-01-01,155.752,2004.0,10.0,53242.0,189471600.0,3.9,190.8,5.5,71.2291,165.9,1.76,112000,65760.0,27.201,12.3047192322804
1,2004-01-01,157.528,2004.0,11.0,53401.0,189647800.0,4.3,191.7,5.4,71.36205,165.5,1.93,112000,65760.0,27.201,12.3047192322804
2,2004-01-01,159.33100000000002,2004.0,12.0,53560.0,189849000.0,4.1,191.7,5.4,71.30608000000001,166.3,2.16,112000,65760.0,27.201,12.3047192322804
3,2005-01-01,161.289,2005.0,1.0,53719.0,190030800.0,4.4,191.6,5.3,71.31815,168.6,2.28,113343,66780.0,27.651,12.3601628768533
4,2005-01-01,163.344,2005.0,2.0,53768.666666666664,190206400.0,4.3,192.4,5.4,71.23395,170.4,2.5,113343,66780.0,27.651,12.3601628768533
5,2005-01-01,165.813,2005.0,3.0,53818.333333333336,190429200.0,4.1,193.1,5.2,71.28214,170.0,2.63,113343,66780.0,27.651,12.3601628768533
6,2005-01-01,167.502,2005.0,4.0,53868.0,190493800.0,4.3,193.7,5.2,71.41856,170.0,2.79,113343,66780.0,27.651,12.3601628768533
7,2005-01-01,169.351,2005.0,5.0,53963.0,190683200.0,4.2,193.6,5.1,71.52468,168.1,3.0,113343,66780.0,27.651,12.3601628768533
8,2005-01-01,171.19099999999997,2005.0,6.0,54058.0,190897800.0,4.3,193.7,5.0,71.48533,167.8,3.04,113343,66780.0,27.651,12.3601628768533
9,2005-01-01,172.86,2005.0,7.0,54153.0,191053200.0,4.2,194.9,5.0,71.62051,167.2,3.26,113343,66780.0,27.651,12.3601628768533
10,2005-01-01,174.442,2005.0,8.0,54207.666666666664,191193200.0,4.5,196.1,4.9,71.81305,165.9,3.5,113343,66780.0,27.651,12.3601628768533
11,2005-01-01,176.437,2005.0,9.0,54262.333333333336,191475400.0,4.7,198.8,5.0,71.69244,168.9,3.62,113343,66780.0,27.651,12.3601628768533
12,2005-01-01,178.02700000000002,2005.0,10.0,54317.0,191700200.0,4.5,199.1,5.0,71.70146,171.6,3.78,113343,66780.0,27.651,12.3601628768533
13,2005-01-01,179.68,2005.0,11.0,54520.333333333336,191993800.0,5.0,198.1,5.0,71.56659,172.7,4.0,113343,66780.0,27.651,12.3601628768533
14,2005-01-01,180.91,2005.0,12.0,54723.666666666664,192185900.0,4.9,198.1,4.9,71.63467,173.5,4.16,113343,66780.0,27.651,12.3601628768533
15,2006-01-01,182.32,2006.0,1.0,54927.0,192324000.0,5.3,199.3,4.7,71.68746999999999,177.2,4.29,114384,67520.0,28.604,12.422071948027
16,2006-01-01,183.287,2006.0,2.0,54933.0,192512200.0,6.1,199.4,4.8,71.76935999999999,177.7,4.49,114384,67520.0,28.604,12.422071948027
17,2006-01-01,184.365,2006.0,3.0,54939.0,192619200.0,5.9,199.7,4.7,71.81908,178.3,4.59,114384,67520.0,28.604,12.422071948027
18,2006-01-01,184.328,2006.0,4.0,54945.0,192790300.0,6.3,200.7,4.7,71.79715999999999,179.0,4.79,114384,67520.0,28.604,12.422071948027
19,2006-01-01,184.155,2006.0,5.0,54925.333333333336,192948300.0,6.2,201.3,4.6,71.87263,179.9,4.94,114384,67520.0,28.604,12.422071948027
20,2006-01-01,183.507,2006.0,6.0,54905.666666666664,193183000.0,6.3,201.8,4.6,72.01233,180.7,4.99,114384,67520.0,28.604,12.422071948027
21,2006-01-01,183.066,2006.0,7.0,54886.0,193410800.0,7.3,202.9,4.7,72.02241,182.3,5.24,114384,67520.0,28.604,12.422071948027
22,2006-01-01,182.593,2006.0,8.0,54996.0,193525600.0,6.7,203.8,4.7,72.10639,182.6,5.25,114384,67520.0,28.604,12.422071948027
23,2006-01-01,182.798,2006.0,9.0,55106.0,193585100.0,6.7,202.8,4.5,72.05588,183.3,5.25,114384,67520.0,28.604,12.422071948027
24,2006-01-01,183.197,2006.0,10.0,55216.0,193711000.0,7.3,201.9,4.4,72.24441,182.3,5.25,114384,67520.0,28.604,12.422071948027
25,2006-01-01,183.608,2006.0,11.0,55230.666666666664,193924100.0,6.6,202.0,4.5,72.17589,179.8,5.25,114384,67520.0,28.604,12.422071948027
26,2006-01-01,184.138,2006.0,12.0,55245.333333333336,194093200.0,6.5,203.1,4.4,72.3156,179.8,5.24,114384,67520.0,28.604,12.422071948027
27,2007-01-01,184.516,2007.0,1.0,55260.0,194822600.0,7.2,203.437,4.6,72.1211,181.1,5.25,116011,68610.0,29.512,12.507803700301
28,2007-01-01,184.598,2007.0,2.0,55331.333333333336,195054500.0,7.9,204.226,4.5,71.96446,181.5,5.26,116011,68610.0,29.512,12.507803700301
29,2007-01-01,184.15,2007.0,3.0,55402.666666666664,195156400.0,7.9,205.288,4.4,71.99565,182.5,5.26,116011,68610.0,29.512,12.507803700301
30,2007-01-01,183.01,2007.0,4.0,55474.0,195253900.0,7.4,205.904,4.5,71.71088,183.7,5.25,116011,68610.0,29.512,12.507803700301
31,2007-01-01,181.6,2007.0,5.0,55532.333333333336,195417400.0,7.8,206.755,4.4,71.75668,184.0,5.25,116011,68610.0,29.512,12.507803700301
32,2007-01-01,180.253,2007.0,6.0,55590.666666666664,195662900.0,8.2,207.234,4.6,71.77589,184.0,5.25,116011,68610.0,29.512,12.507803700301
33,2007-01-01,179.11,2007.0,7.0,55649.0,195834700.0,8.3,207.603,4.7,71.74501,184.2,5.26,116011,68610.0,29.512,12.507803700301
34,2007-01-01,178.116,2007.0,8.0,55718.333333333336,195970800.0,9.2,207.667,4.6,71.58324,183.9,5.02,116011,68610.0,29.512,12.507803700301
35,2007-01-01,177.55700000000002,2007.0,9.0,55787.666666666664,196064700.0,9.2,208.547,4.7,71.71191,183.4,4.94,116011,68610.0,29.512,12.507803700301
36,2007-01-01,176.623,2007.0,10.0,55857.0,196112600.0,8.5,209.19,4.7,71.58403,183.0,4.76,116011,68610.0,29.512,12.507803700301
37,2007-01-01,175.146,2007.0,11.0,55737.0,196172900.0,9.4,210.834,4.7,71.77032,183.3,4.49,116011,68610.0,29.512,12.507803700301
38,2007-01-01,174.34099999999998,2007.0,12.0,55617.0,196411200.0,9.6,211.445,5.0,71.54961999999999,183.5,4.24,116011,68610.0,29.512,12.507803700301
39,2008-01-01,173.13099999999997,2008.0,1.0,55497.0,196060600.0,9.3,212.174,5.0,71.675,184.3,3.94,116783,66280.0,29.876,12.6708585039901
40,2008-01-01,171.53900000000002,2008.0,2.0,55566.333333333336,196238800.0,9.7,212.687,4.9,71.43489,185.7,2.98,116783,66280.0,29.876,12.6708585039901
41,2008-01-01,170.05200000000002,2008.0,3.0,55635.666666666664,196376200.0,10.5,213.448,5.1,71.42358,187.8,2.61,116783,66280.0,29.876,12.6708585039901
42,2008-01-01,168.33700000000002,2008.0,4.0,55705.0,196226800.0,10.3,213.942,5.0,71.40968000000001,190.9,2.28,116783,66280.0,29.876,12.6708585039901
43,2008-01-01,166.658,2008.0,5.0,55562.666666666664,196451800.0,10.7,215.208,5.4,71.20107,195.8,1.98,116783,66280.0,29.876,12.6708585039901
44,2008-01-01,165.016,2008.0,6.0,55420.333333333336,196512500.0,10.7,217.463,5.6,71.12018,200.4,2.0,116783,66280.0,29.876,12.6708585039901
45,2008-01-01,163.564,2008.0,7.0,55278.0,196570000.0,10.5,219.016,5.8,70.9221,203.4,2.01,116783,66280.0,29.876,12.6708585039901
46,2008-01-01,161.986,2008.0,8.0,54832.333333333336,196688200.0,11.3,218.69,6.1,70.70241,206.5,2.0,116783,66280.0,29.876,12.6708585039901
47,2008-01-01,160.30700000000002,2008.0,9.0,54386.666666666664,196838600.0,10.9,218.877,6.1,70.51952,206.3,1.81,116783,66280.0,29.876,12.6708585039901
48,2008-01-01,158.326,2008.0,10.0,53941.0,196975300.0,11.6,216.995,6.5,70.36758,201.8,0.97,116783,66280.0,29.876,12.6708585039901
49,2008-01-01,156.141,2008.0,11.0,53701.0,197131300.0,11.4,213.153,6.8,69.92626,199.6,0.39,116783,66280.0,29.876,12.6708585039901
50,2008-01-01,153.618,2008.0,12.0,53461.0,197421900.0,11.2,211.398,7.3,69.55478000000001,194.8,0.16,116783,66280.0,29.876,12.6708585039901
51,2009-01-01,151.506,2009.0,1.0,53221.0,197061200.0,12.2,211.933,7.8,69.04108000000001,193.3,0.15,117181,65850.0,32.883,12.8562585688817
52,2009-01-01,150.014,2009.0,2.0,53153.0,197289800.0,10.5,212.705,8.3,68.7477,191.2,0.22,117181,65850.0,32.883,12.8562585688817
53,2009-01-01,148.659,2009.0,3.0,53085.0,197534500.0,11.0,212.495,8.7,68.23695,190.2,0.18,117181,65850.0,32.883,12.8562585688817
54,2009-01-01,147.947,2009.0,4.0,53017.0,197857400.0,10.7,212.709,9.0,68.14206,188.1,0.15,117181,65850.0,32.883,12.8562585688817
55,2009-01-01,147.69299999999998,2009.0,5.0,53038.333333333336,197951500.0,9.3,213.022,9.4,67.77575,186.9,0.18,117181,65850.0,32.883,12.8562585688817
56,2009-01-01,148.088,2009.0,6.0,53059.666666666664,197605500.0,8.5,214.79,9.5,67.81184,187.1,0.21,117181,65850.0,32.883,12.8562585688817
57,2009-01-01,148.408,2009.0,7.0,53081.0,197704000.0,7.9,214.726,9.5,67.69003000000001,187.6,0.16,117181,65850.0,32.883,12.8562585688817
58,2009-01-01,148.27700000000002,2009.0,8.0,53231.0,198047200.0,7.5,215.445,9.6,67.32019,188.1,0.16,117181,65850.0,32.883,12.8562585688817
59,2009-01-01,148.024,2009.0,9.0,53381.0,198371800.0,7.8,215.861,9.8,66.88446,189.3,0.15,117181,65850.0,32.883,12.8562585688817
60,2009-01-01,147.85,2009.0,10.0,53531.0,198663700.0,7.4,216.509,10.0,66.61475,189.7,0.12,117181,65850.0,32.883,12.8562585688817
61,2009-01-01,148.136,2009.0,11.0,53581.666666666664,198712500.0,7.6,217.234,9.9,66.69272,189.2,0.12,117181,65850.0,32.883,12.8562585688817
62,2009-01-01,147.93,2009.0,12.0,53632.333333333336,198771900.0,8.0,217.347,9.9,66.43693,189.4,0.12,117181,65850.0,32.883,12.8562585688817
63,2010-01-01,147.39600000000002,2010.0,1.0,53683.0,198248000.0,8.1,217.488,9.8,66.78126999999999,190.3,0.11,117538,64300.0,32.669,13.0281784974361
64,2010-01-01,145.631,2010.0,2.0,53822.0,198435800.0,8.3,217.281,9.8,66.72453,192.2,0.13,117538,64300.0,32.669,13.0281784974361
65,2010-01-01,145.858,2010.0,3.0,53961.0,198658000.0,7.1,217.353,9.9,66.73448,193.7,0.16,117538,64300.0,32.669,13.0281784974361
66,2010-01-01,146.401,2010.0,4.0,54100.0,198999400.0,6.2,217.403,9.9,66.839,196.5,0.2,117538,64300.0,32.669,13.0281784974361
67,2010-01-01,146.392,2010.0,5.0,54200.333333333336,199085800.0,9.3,217.29,9.6,66.734,198.9,0.2,117538,64300.0,32.669,13.0281784974361
68,2010-01-01,145.719,2010.0,6.0,54300.666666666664,198930800.0,8.3,217.199,9.4,66.74086,197.2,0.18,117538,64300.0,32.669,13.0281784974361
69,2010-01-01,144.987,2010.0,7.0,54401.0,199011400.0,8.9,217.605,9.4,66.71754,195.6,0.18,117538,64300.0,32.669,13.0281784974361
70,2010-01-01,143.912,2010.0,8.0,54457.0,199217700.0,8.8,217.923,9.5,66.76039,194.1,0.19,117538,64300.0,32.669,13.0281784974361
71,2010-01-01,143.015,2010.0,9.0,54513.0,199523400.0,7.6,218.275,9.5,66.65043,193.9,0.19,117538,64300.0,32.669,13.0281784974361
72,2010-01-01,142.526,2010.0,10.0,54569.0,199858800.0,8.2,219.035,9.4,66.46425,193.8,0.19,117538,64300.0,32.669,13.0281784974361
73,2010-01-01,142.167,2010.0,11.0,54493.0,199984900.0,8.2,219.59,9.8,66.38101,193.6,0.19,117538,64300.0,32.669,13.0281784974361
74,2010-01-01,142.054,2010.0,12.0,54417.0,200025500.0,7.0,220.472,9.3,66.50674000000001,194.2,0.18,117538,64300.0,32.669,13.0281784974361
75,2011-01-01,141.516,2011.0,1.0,54341.0,199137400.0,7.3,221.187,9.1,66.69208,195.9,0.17,119927,63350.0,34.23,13.2702031218742
76,2011-01-01,140.343,2011.0,2.0,54430.666666666664,199349700.0,8.1,221.898,9.0,66.6004,198.1,0.16,119927,63350.0,34.23,13.2702031218742
77,2011-01-01,139.975,2011.0,3.0,54520.333333333336,199557800.0,7.2,223.046,9.0,66.67642,199.7,0.14,119927,63350.0,34.23,13.2702031218742
78,2011-01-01,140.007,2011.0,4.0,54610.0,199940400.0,6.7,224.093,9.1,66.54482,201.1,0.1,119927,63350.0,34.23,13.2702031218742
79,2011-01-01,139.903,2011.0,5.0,54567.333333333336,200041900.0,6.6,224.806,9.0,66.53605,201.6,0.09,119927,63350.0,34.23,13.2702031218742
80,2011-01-01,139.86,2011.0,6.0,54524.666666666664,199988200.0,6.6,224.806,9.1,66.42603000000001,201.9,0.09,119927,63350.0,34.23,13.2702031218742
81,2011-01-01,139.72799999999998,2011.0,7.0,54482.0,200105400.0,6.7,225.395,9.0,66.41691999999999,202.6,0.07,119927,63350.0,34.23,13.2702031218742
82,2011-01-01,139.308,2011.0,8.0,54647.666666666664,200134400.0,6.5,226.106,9.0,66.66683,202.8,0.1,119927,63350.0,34.23,13.2702031218742
83,2011-01-01,138.667,2011.0,9.0,54813.333333333336,200253200.0,6.3,226.597,9.0,66.68784000000001,202.7,0.08,119927,63350.0,34.23,13.2702031218742
84,2011-01-01,137.951,2011.0,10.0,54979.0,200419700.0,6.0,226.75,8.8,66.66634,202.7,0.07,119927,63350.0,34.23,13.2702031218742
85,2011-01-01,137.15,2011.0,11.0,55100.0,200326200.0,5.7,227.169,8.6,66.8063,202.2,0.08,119927,63350.0,34.23,13.2702031218742
86,2011-01-01,136.672,2011.0,12.0,55221.0,200312300.0,5.3,227.223,8.5,66.84204,202.2,0.07,119927,63350.0,34.23,13.2702031218742
87,2012-01-01,136.606,2012.0,1.0,55342.0,200971900.0,5.3,227.842,8.3,66.92182,203.9,0.08,121084,63350.0,33.283,13.5844369333927
88,2012-01-01,136.531,2012.0,2.0,55391.333333333336,201104200.0,4.8,228.329,8.3,66.96387,205.1,0.1,121084,63350.0,33.283,13.5844369333927
89,2012-01-01,137.90200000000002,2012.0,3.0,55440.666666666664,201258900.0,4.9,228.807,8.2,66.98264,205.7,0.13,121084,63350.0,33.283,13.5844369333927
90,2012-01-01,139.151,2012.0,4.0,55490.0,201504000.0,4.9,229.187,8.2,66.93391,206.3,0.14,121084,63350.0,33.283,13.5844369333927
91,2012-01-01,140.15200000000002,2012.0,5.0,55478.0,201526300.0,4.7,228.713,8.2,67.06319,206.5,0.16,121084,63350.0,33.283,13.5844369333927
92,2012-01-01,141.028,2012.0,6.0,55466.0,201452400.0,4.8,228.524,8.2,67.1325,206.6,0.16,121084,63350.0,33.283,13.5844369333927
93,2012-01-01,141.66899999999998,2012.0,7.0,55454.0,201487700.0,4.6,228.59,8.2,67.05669,206.2,0.16,121084,63350.0,33.283,13.5844369333927
94,2012-01-01,142.278,2012.0,8.0,55437.0,201585400.0,4.6,229.918,8.1,67.01395,205.5,0.13,121084,63350.0,33.283,13.5844369333927
95,2012-01-01,142.906,2012.0,9.0,55420.0,201600400.0,4.5,231.015,7.8,67.31342,206.6,0.14,121084,63350.0,33.283,13.5844369333927
96,2012-01-01,143.597,2012.0,10.0,55403.0,201661600.0,4.9,231.638,7.8,67.49073,205.5,0.16,121084,63350.0,33.283,13.5844369333927
97,2012-01-01,144.58,2012.0,11.0,55555.0,201708900.0,4.6,231.249,7.7,67.27306999999999,205.6,0.16,121084,63350.0,33.283,13.5844369333927
98,2012-01-01,145.497,2012.0,12.0,55707.0,201843200.0,4.5,231.221,7.9,67.29604,206.4,0.16,121084,63350.0,33.283,13.5844369333927
99,2013-01-01,146.82299999999998,2013.0,1.0,55859.0,201723900.0,4.0,231.679,8.0,67.25576,208.4,0.14,122459,65740.0,33.213,13.8910756761845
100,2013-01-01,147.781,2013.0,2.0,55877.333333333336,201888400.0,4.1,232.937,7.7,67.24407,209.1,0.15,122459,65740.0,33.213,13.8910756761845
101,2013-01-01,149.96,2013.0,3.0,55895.666666666664,202027600.0,4.2,232.282,7.5,67.18841,209.8,0.14,122459,65740.0,33.213,13.8910756761845
102,2013-01-01,151.517,2013.0,4.0,55914.0,202177000.0,4.4,231.797,7.6,67.25117,210.7,0.15,122459,65740.0,33.213,13.8910756761845
103,2013-01-01,152.849,2013.0,5.0,56033.333333333336,202292300.0,4.6,231.893,7.5,67.33892,209.5,0.11,122459,65740.0,33.213,13.8910756761845
104,2013-01-01,154.19899999999998,2013.0,6.0,56152.666666666664,202279000.0,4.1,232.445,7.5,67.36057,208.8,0.09,122459,65740.0,33.213,13.8910756761845
105,2013-01-01,155.60399999999998,2013.0,7.0,56272.0,202317000.0,5.5,232.9,7.3,67.48463000000001,208.3,0.09,122459,65740.0,33.213,13.8910756761845
106,2013-01-01,156.961,2013.0,8.0,56395.333333333336,202482500.0,5.5,233.456,7.2,67.42302,208.9,0.08,122459,65740.0,33.213,13.8910756761845
107,2013-01-01,158.22299999999998,2013.0,9.0,56518.666666666664,202625900.0,5.4,233.544,7.2,67.47519,208.9,0.08,122459,65740.0,33.213,13.8910756761845
108,2013-01-01,159.239,2013.0,10.0,56642.0,202701100.0,4.9,233.669,7.2,67.14536,209.3,0.09,122459,65740.0,33.213,13.8910756761845
109,2013-01-01,160.07299999999998,2013.0,11.0,56543.0,202719800.0,5.0,234.1,6.9,67.45278,209.8,0.08,122459,65740.0,33.213,13.8910756761845
110,2013-01-01,160.99200000000002,2013.0,12.0,56444.0,202734500.0,5.2,234.719,6.7,67.547,209.8,0.09,122459,65740.0,33.213,13.8910756761845
111,2014-01-01,161.923,2014.0,1.0,56345.0,202554100.0,5.1,235.288,6.6,67.72102,211.7,0.07,123229,64900.0,33.806,14.1355633751345
112,2014-01-01,162.52100000000002,2014.0,2.0,56552.666666666664,202683000.0,5.3,235.547,6.7,67.7045,212.7,0.07,123229,64900.0,33.806,14.1355633751345
113,2014-01-01,163.08100000000002,2014.0,3.0,56760.333333333336,202708500.0,5.6,236.028,6.7,67.90665,213.4,0.08,123229,64900.0,33.806,14.1355633751345
114,2014-01-01,163.387,2014.0,4.0,56968.0,202805600.0,5.7,236.468,6.2,67.94513,213.6,0.09,123229,64900.0,33.806,14.1355633751345
115,2014-01-01,163.655,2014.0,5.0,57157.333333333336,202937000.0,5.2,236.918,6.3,68.02985,214.3,0.09,123229,64900.0,33.806,14.1355633751345
116,2014-01-01,164.065,2014.0,6.0,57346.666666666664,203042200.0,5.7,237.231,6.1,68.15089,214.5,0.1,123229,64900.0,33.806,14.1355633751345
117,2014-01-01,164.585,2014.0,7.0,57536.0,203037900.0,6.2,237.498,6.2,68.15983,214.8,0.09,123229,64900.0,33.806,14.1355633751345
118,2014-01-01,165.21099999999998,2014.0,8.0,57591.333333333336,203158700.0,5.4,237.46,6.1,68.21954000000001,215.5,0.09,123229,64900.0,33.806,14.1355633751345
119,2014-01-01,165.90099999999998,2014.0,9.0,57646.666666666664,203208200.0,5.4,237.477,5.9,68.27580999999999,215.7,0.09,123229,64900.0,33.806,14.1355633751345
120,2014-01-01,166.637,2014.0,10.0,57702.0,203258500.0,5.3,237.43,5.7,68.57591,215.9,0.09,123229,64900.0,33.806,14.1355633751345
121,2014-01-01,167.331,2014.0,11.0,57841.666666666664,203376000.0,5.7,236.983,5.8,68.52122,215.8,0.09,123229,64900.0,33.806,14.1355633751345
122,2014-01-01,168.045,2014.0,12.0,57981.333333333336,203422100.0,5.1,236.252,5.6,68.48817,215.5,0.12,123229,64900.0,33.806,14.1355633751345
123,2015-01-01,168.625,2015.0,1.0,58121.0,203861600.0,4.8,234.747,5.7,68.54179,215.8,0.11,124587,68410.0,34.859,14.3277540980291
124,2015-01-01,169.122,2015.0,2.0,58206.0,203946100.0,4.5,235.342,5.5,68.53787,215.3,0.11,124587,68410.0,34.859,14.3277540980291
125,2015-01-01,169.793,2015.0,3.0,58291.0,203977400.0,5.1,235.976,5.4,68.42081999999999,215.0,0.11,124587,68410.0,34.859,14.3277540980291
126,2015-01-01,170.292,2015.0,4.0,58376.0,203993100.0,4.9,236.222,5.4,68.67575,214.5,0.12,124587,68410.0,34.859,14.3277540980291
127,2015-01-01,170.875,2015.0,5.0,58412.666666666664,204206000.0,5.0,237.001,5.6,68.79496,213.7,0.12,124587,68410.0,34.859,14.3277540980291
128,2015-01-01,171.476,2015.0,6.0,58449.333333333336,204414700.0,5.4,237.657,5.3,68.68949,213.7,0.13,124587,68410.0,34.859,14.3277540980291
129,2015-01-01,172.146,2015.0,7.0,58486.0,204513900.0,5.2,238.034,5.2,68.63828000000001,213.7,0.13,124587,68410.0,34.859,14.3277540980291
130,2015-01-01,172.93,2015.0,8.0,58480.666666666664,204554200.0,5.0,238.033,5.1,68.75819,213.3,0.14,124587,68410.0,34.859,14.3277540980291
131,2015-01-01,173.82299999999998,2015.0,9.0,58475.333333333336,204601900.0,5.9,237.498,5.0,68.66492,212.5,0.14,124587,68410.0,34.859,14.3277540980291
132,2015-01-01,174.787,2015.0,10.0,58470.0,204679200.0,5.6,237.733,5.0,68.74213,212.4,0.12,124587,68410.0,34.859,14.3277540980291
133,2015-01-01,175.733,2015.0,11.0,58548.0,204727900.0,5.5,238.017,5.1,68.8962,211.7,0.12,124587,68410.0,34.859,14.3277540980291
134,2015-01-01,176.53599999999997,2015.0,12.0,58626.0,204758500.0,5.1,237.761,5.0,69.0938,210.9,0.24,124587,68410.0,34.859,14.3277540980291
135,2016-01-01,177.261,2016.0,1.0,58704.0,205073500.0,5.6,237.652,4.8,69.18366,211.4,0.34,125819,70840.0,37.55,14.672311496844
136,2016-01-01,177.639,2016.0,2.0,58731.666666666664,205104200.0,5.5,237.336,4.9,69.25465,211.3,0.38,125819,70840.0,37.55,14.672311496844
137,2016-01-01,178.15599999999998,2016.0,3.0,58759.333333333336,205205800.0,5.5,238.08,5.0,69.2868,211.6,0.36,125819,70840.0,37.55,14.672311496844
138,2016-01-01,178.757,2016.0,4.0,58787.0,205257800.0,5.0,238.992,5.1,69.14804000000001,212.7,0.37,125819,70840.0,37.55,14.672311496844
139,2016-01-01,179.419,2016.0,5.0,58886.0,205414200.0,5.1,239.557,4.8,69.28429,213.7,0.37,125819,70840.0,37.55,14.672311496844
140,2016-01-01,180.088,2016.0,6.0,58985.0,205551200.0,5.3,240.222,4.9,69.19458,214.6,0.38,125819,70840.0,37.55,14.672311496844
141,2016-01-01,180.847,2016.0,7.0,59084.0,205694000.0,4.5,240.101,4.8,69.28483,215.3,0.39,125819,70840.0,37.55,14.672311496844
142,2016-01-01,181.836,2016.0,8.0,59154.666666666664,205675500.0,5.0,240.545,4.9,69.37602,216.0,0.4,125819,70840.0,37.55,14.672311496844
143,2016-01-01,182.81,2016.0,9.0,59225.333333333336,205731800.0,5.2,241.176,5.0,69.42687,215.3,0.4,125819,70840.0,37.55,14.672311496844
144,2016-01-01,183.738,2016.0,10.0,59296.0,205844400.0,5.2,241.741,4.9,69.43211,214.8,0.4,125819,70840.0,37.55,14.672311496844
145,2016-01-01,184.748,2016.0,11.0,59362.0,205828800.0,5.2,242.026,4.7,69.55502,214.5,0.41,125819,70840.0,37.55,14.672311496844
146,2016-01-01,185.71,2016.0,12.0,59428.0,205939200.0,5.4,242.637,4.7,69.57292,215.5,0.54,125819,70840.0,37.55,14.672311496844
147,2017-01-01,186.792,2017.0,1.0,59494.0,205382700.0,5.4,243.618,4.7,69.65077,217.3,0.65,126224,72090.0,35.771,15.0662903997382
148,2017-01-01,187.31,2017.0,2.0,59574.666666666664,205427600.0,5.3,244.006,4.6,69.72946,218.8,0.66,126224,72090.0,35.771,15.0662903997382
149,2017-01-01,187.988,2017.0,3.0,59655.333333333336,205329000.0,5.0,243.892,4.4,70.00137,219.7,0.79,126224,72090.0,35.771,15.0662903997382
150,2017-01-01,188.719,2017.0,4.0,59736.0,205360200.0,5.4,244.193,4.4,70.08839,221.0,0.9,126224,72090.0,35.771,15.0662903997382
151,2017-01-01,189.607,2017.0,5.0,59857.0,205472200.0,5.1,244.004,4.4,70.00261,221.7,0.91,126224,72090.0,35.771,15.0662903997382
152,2017-01-01,190.516,2017.0,6.0,59978.0,205641300.0,5.3,244.163,4.3,70.09669,221.9,1.04,126224,72090.0,35.771,15.0662903997382
153,2017-01-01,191.462,2017.0,7.0,60099.0,205746800.0,5.8,244.243,4.3,70.18177,221.9,1.15,126224,72090.0,35.771,15.0662903997382
154,2017-01-01,192.646,2017.0,8.0,60290.666666666664,205744300.0,6.1,245.183,4.4,70.15285,222.4,1.16,126224,72090.0,35.771,15.0662903997382
155,2017-01-01,193.741,2017.0,9.0,60482.333333333336,205679400.0,5.3,246.435,4.3,70.47726,223.1,1.15,126224,72090.0,35.771,15.0662903997382
156,2017-01-01,194.788,2017.0,10.0,60674.0,205727600.0,5.5,246.626,4.2,70.27003,223.9,1.15,126224,72090.0,35.771,15.0662903997382
157,2017-01-01,195.941,2017.0,11.0,60813.666666666664,205752000.0,4.8,247.284,4.2,70.31042,223.9,1.16,126224,72090.0,35.771,15.0662903997382
158,2017-01-01,197.161,2017.0,12.0,60953.333333333336,205858000.0,5.6,247.805,4.1,70.30235,224.1,1.3,126224,72090.0,35.771,15.0662903997382
159,2018-01-01,198.301,2018.0,1.0,61093.0,206369400.0,6.0,248.859,4.0,70.32028000000001,225.8,1.41,127586,73030.0,38.859,15.3976975750778
160,2018-01-01,199.228,2018.0,2.0,61174.0,206278600.0,5.7,249.529,4.1,70.6001,228.7,1.42,127586,73030.0,38.859,15.3976975750778
161,2018-01-01,199.966,2018.0,3.0,61255.0,206232800.0,5.2,249.577,4.0,70.54984,231.3,1.51,127586,73030.0,38.859,15.3976975750778
162,2018-01-01,200.661,2018.0,4.0,61336.0,206235600.0,5.6,250.227,4.0,70.53323,232.4,1.69,127586,73030.0,38.859,15.3976975750778
163,2018-01-01,201.424,2018.0,5.0,61431.333333333336,206416700.0,5.5,250.792,3.8,70.71712,236.8,1.7,127586,73030.0,38.859,15.3976975750778
164,2018-01-01,202.239,2018.0,6.0,61526.666666666664,206576500.0,5.8,251.018,4.0,70.69332,239.2,1.82,127586,73030.0,38.859,15.3976975750778
165,2018-01-01,202.91,2018.0,7.0,61622.0,206633500.0,6.0,251.214,3.8,70.86755,239.6,1.91,127586,73030.0,38.859,15.3976975750778
166,2018-01-01,203.656,2018.0,8.0,61621.0,206715100.0,6.5,251.663,3.8,70.57458000000001,239.4,1.91,127586,73030.0,38.859,15.3976975750778
167,2018-01-01,204.313,2018.0,9.0,61620.0,206667400.0,6.6,252.182,3.7,70.77269,240.0,1.95,127586,73030.0,38.859,15.3976975750778
168,2018-01-01,205.079,2018.0,10.0,61619.0,206648000.0,7.2,252.772,3.8,70.93236999999999,238.7,2.19,127586,73030.0,38.859,15.3976975750778
169,2018-01-01,205.652,2018.0,11.0,61709.0,206611800.0,6.4,252.594,3.8,70.98536999999999,238.8,2.2,127586,73030.0,38.859,15.3976975750778
170,2018-01-01,206.142,2018.0,12.0,61799.0,206776000.0,7.6,252.767,3.9,71.0135,238.3,2.27,127586,73030.0,38.859,15.3976975750778
171,2019-01-01,206.535,2019.0,1.0,61889.0,206330600.0,7.0,252.561,4.0,71.03024,238.5,2.4,128579.0,78250.0,40.185,15.7918008297391
172,2019-01-01,206.86,2019.0,2.0,62036.333333333336,206311400.0,6.3,253.319,3.8,71.06799000000001,238.1,2.4,128579.0,78250.0,40.185,15.7918008297391
173,2019-01-01,207.08,2019.0,3.0,62183.666666666664,206130600.0,5.6,254.277,3.8,71.05621,238.1,2.41,128579.0,78250.0,40.185,15.7918008297391
174,2019-01-01,207.533,2019.0,4.0,62331.0,206190300.0,5.7,255.233,3.7,71.13689000000001,237.2,2.42,128579.0,78250.0,40.185,15.7918008297391
175,2019-01-01,208.15,2019.0,5.0,62535.666666666664,206465400.0,6.5,255.296,3.6,71.14466999999999,237.3,2.39,128579.0,78250.0,40.185,15.7918008297391
176,2019-01-01,208.644,2019.0,6.0,62740.333333333336,206526300.0,5.4,255.213,3.6,71.24783000000001,236.3,2.38,128579.0,78250.0,40.185,15.7918008297391
177,2019-01-01,209.249,2019.0,7.0,62945.0,206375800.0,6.1,255.802,3.7,71.26698,235.6,2.4,128579.0,78250.0,40.185,15.7918008297391
178,2019-01-01,210.023,2019.0,8.0,63049.0,206384100.0,5.5,256.036,3.6,71.41702,234.4,2.13,128579.0,78250.0,40.185,15.7918008297391
179,2019-01-01,210.836,2019.0,9.0,63153.0,206304900.0,5.4,256.43,3.5,71.71688,234.4,2.04,128579.0,78250.0,40.185,15.7918008297391
180,2019-01-01,211.729,2019.0,10.0,63257.0,206187800.0,5.3,257.155,3.6,71.71452,233.8,1.83,128579.0,78250.0,40.185,15.7918008297391
181,2019-01-01,212.771,2019.0,11.0,62949.0,206203400.0,5.4,257.879,3.6,71.6877,232.8,1.55,128579.0,78250.0,40.185,15.7918008297391
182,2019-01-01,213.938,2019.0,12.0,62641.0,206268500.0,5.5,258.63,3.6,71.69821,232.2,1.55,128579.0,78250.0,40.185,15.7918008297391
183,2020-01-01,215.031,2020.0,1.0,62333.0,205747900.0,5.7,258.906,3.6,71.76446999999999,233.4,1.55,128451.0,76660.0,44.147,16.2234001500798
184,2020-01-01,215.897,2020.0,2.0,60683.0,205649800.0,5.6,259.246,3.5,71.80173,234.6,1.58,128451.0,76660.0,44.147,16.2234001500798
185,2020-01-01,216.457,2020.0,3.0,59033.0,205302700.0,6.4,258.15,4.4,70.50975,236.3,0.65,128451.0,76660.0,44.147,16.2234001500798
186,2020-01-01,216.858,2020.0,4.0,57383.0,206899600.0,6.7,256.126,14.8,60.17112,234.3,0.05,128451.0,76660.0,44.147,16.2234001500798
187,2020-01-01,216.999,2020.0,5.0,58856.333333333336,206848900.0,5.3,255.848,13.2,62.24371,233.3,0.05,128451.0,76660.0,44.147,16.2234001500798
188,2020-01-01,217.577,2020.0,6.0,60329.666666666664,205536000.0,4.0,257.004,11.0,64.7919,234.8,0.08,128451.0,76660.0,44.147,16.2234001500798
189,2020-01-01,219.287,2020.0,7.0,61803.0,205353400.0,3.5,258.408,10.2,65.38378,237.0,0.09,128451.0,76660.0,44.147,16.2234001500798
190,2020-01-01,222.26,2020.0,8.0,62005.666666666664,205688400.0,3.3,259.366,8.4,66.85184,240.9,0.1,128451.0,76660.0,44.147,16.2234001500798
191,2020-01-01,225.723,2020.0,9.0,62208.333333333336,206084100.0,3.5,259.951,7.8,66.92528,246.9,0.09,128451.0,76660.0,44.147,16.2234001500798
192,2020-01-01,229.649,2020.0,10.0,62411.0,205972600.0,3.3,260.249,6.8,67.8985,246.4,0.09,128451.0,76660.0,44.147,16.2234001500798
193,2020-01-01,233.218,2020.0,11.0,62682.0,206186900.0,3.9,260.895,6.7,67.80861999999999,244.3,0.09,128451.0,76660.0,44.147,16.2234001500798
194,2020-01-01,236.542,2020.0,12.0,62953.0,206156100.0,4.1,262.005,6.7,67.95289,248.0,0.09,128451.0,76660.0,44.147,16.2234001500798
195,2021-01-01,239.68,2021.0,1.0,63224.0,205153400.0,4.1,262.518,6.4,68.19659,256.4,0.09,129224.0,76330.0,45.299,16.6788954868121
196,2021-01-01,242.428,2021.0,2.0,63533.666666666664,205157000.0,4.8,263.583,6.2,68.46069,264.6,0.08,129224.0,76330.0,45.299,16.6788954868121
197,2021-01-01,245.541,2021.0,3.0,63843.333333333336,205127400.0,4.3,264.91,6.1,68.58292,276.7,0.07,129224.0,76330.0,45.299,16.6788954868121
198,2021-01-01,249.125,2021.0,4.0,64153.0,205502000.0,4.6,266.752,6.1,68.64573,291.8,0.07,129224.0,76330.0,45.299,16.6788954868121
199,2021-01-01,253.419,2021.0,5.0,64305.666666666664,205648300.0,5.5,268.452,5.8,68.97804000000001,305.9,0.06,129224.0,76330.0,45.299,16.6788954868121
200,2021-01-01,258.246,2021.0,6.0,64458.333333333336,205397300.0,6.0,270.664,5.9,69.11287,315.7,0.08,129224.0,76330.0,45.299,16.6788954868121
201,2021-01-01,262.616,2021.0,7.0,64611.0,205301200.0,6.0,271.994,5.4,69.67599,313.542,0.1,129224.0,76330.0,45.299,16.6788954868121
202,2021-01-01,266.582,2021.0,8.0,64956.666666666664,205297700.0,6.5,272.789,5.1,69.67438,313.083,0.09,129224.0,76330.0,45.299,16.6788954868121
203,2021-01-01,270.166,2021.0,9.0,65302.333333333336,205467700.0,6.2,273.887,4.7,69.94469000000001,317.136,0.08,129224.0,76330.0,45.299,16.6788954868121
204,2021-01-01,273.546,2021.0,10.0,65648.0,205331300.0,6.7,276.434,4.5,70.21243,322.12,0.08,129224.0,76330.0,45.299,16.6788954868121
205,2021-01-01,277.262,2021.0,11.0,65526.666666666664,205362500.0,5.9,278.799,4.1,70.61934000000001,328.94,0.08,129224.0,76330.0,45.299,16.6788954868121
206,2021-01-01,281.486,2021.0,12.0,65405.333333333336,205328300.0,5.6,280.808,3.9,70.83514,335.032,0.08,129224.0,76330.0,45.299,16.6788954868121
207,2022-01-01,286.172,2022.0,1.0,65284.0,207070000.0,5.9,282.39,4.0,70.72739,345.742,0.08,131202.0,74580.0,48.021,17.1281205454528
208,2022-01-01,291.242,2022.0,2.0,65231.666666666664,207000000.0,6.1,284.535,3.8,70.8944,343.583,0.08,131202.0,74580.0,48.021,17.1281205454528
209,2022-01-01,296.512,2022.0,3.0,65179.333333333336,206832800.0,6.9,287.553,3.6,71.21769,345.852,0.2,131202.0,74580.0,48.021,17.1281205454528
210,2022-01-01,300.584,2022.0,4.0,65127.0,206943900.0,8.2,288.764,3.7,71.19485,343.786,0.33,131202.0,74580.0,48.021,17.1281205454528
211,2022-01-01,303.704,2022.0,5.0,65241.0,207138800.0,8.1,291.359,3.6,71.36476,353.015,0.77,131202.0,74580.0,48.021,17.1281205454528
212,2022-01-01,304.468,2022.0,6.0,65355.0,207380600.0,9.9,294.996,3.6,71.23962,349.8,1.21,131202.0,74580.0,48.021,17.1281205454528
213,2022-01-01,303.505,2022.0,7.0,65469.0,207450900.0,10.6,294.977,3.5,71.33625,346.79,1.68,131202.0,74580.0,48.021,17.1281205454528
214,2022-01-01,301.029,2022.0,8.0,65579.0,207438500.0,8.6,295.209,3.6,71.47372,342.753,2.33,131202.0,74580.0,48.021,17.1281205454528
215,2022-01-01,299.006,2022.0,9.0,65689.0,207503400.0,9.9,296.341,3.5,71.4325,336.464,2.56,131202.0,74580.0,48.021,17.1281205454528
216,2022-01-01,298.612,2022.0,10.0,65799.0,207522800.0,9.7,297.863,3.6,71.29188,333.796,3.08,131202.0,74580.0,48.021,17.1281205454528
217,2022-01-01,298.332,2022.0,11.0,65898.0,207587800.0,9.2,298.648,3.6,71.30185,330.369,3.78,131202.0,74580.0,48.021,17.1281205454528
218,2022-01-01,297.628,2022.0,12.0,65997.0,207569600.0,8.6,298.812,3.5,71.63156,326.449,4.1,131202.0,74580.0,48.021,17.1281205454528
